id,subject,body,insurance_type,intent,priority,sentiment,summary,policy_number,claim_number,missing_information,requires_human_review,human_review_reason,confidence
insurance-email-001,Question about my car policy,"Hello, I recently renewed my auto policy and I want to check if roadside assistance is included. My policy number is AUT-1048837. Please let me know what is covered and whether I need to add anything extra. Thanks.",auto,policy_information,medium,neutral,Customer asks whether roadside assistance is included in a recently renewed auto policy and what coverage is included.,AUT-1048837,,"[""Whether roadside assistance is included in the current policy"", ""Any optional coverages or add-ons requested by the customer""]",False,,0.98
insurance-email-002,Claim reference CLM-22091,"Good afternoon, I submitted a claim after a small water leak in my apartment last week. Could you please tell me if claim CLM-22091 has been reviewed yet? I haven't heard anything since I uploaded the photos.",home,claim_status,medium,neutral,Customer is asking for an update on claim CLM-22091 after submitting a claim for a water leak in an apartment and uploading photos.,,CLM-22091,[],False,,0.98
insurance-email-003,Travel insurance documents,"Hi, I am travelling next month and I need a copy of my travel insurance certificate. My policy number is TRV-550193. Could you send it to this email address? I may also need proof of coverage for visa purposes.",travel,document_request,medium,neutral,Customer is traveling next month and requests a copy of their travel insurance certificate and proof of coverage for visa purposes.,TRV-550193,,[],False,,0.98
insurance-email-004,Change of address on my home policy,"Dear team, I moved to a new flat last week and need my home insurance address updated. The policy number is HMO-772401. The new address is 14 Willow Court, apartment 3B. Please confirm if you need anything else.",home,policy_change,medium,neutral,"Customer requests an update to the address on their home insurance policy after moving to a new flat. New address provided: 14 Willow Court, apartment 3B.",HMO-772401,,[],False,,0.98
insurance-email-005,Payment did not go through,"Hello, I got a message saying my car insurance payment failed, but the money was taken from my bank account. Could you please check this? Policy number AUT-901244. I don't want my cover to lapse.",auto,payment_information,high,negative,"Customer says an auto insurance payment failed even though the money was taken from their bank account, and they want it checked to avoid cover lapsing.",AUT-901244,,"[""Payment date"", ""Amount taken from bank account"", ""Proof or reference of the bank transaction""]",False,,0.97
insurance-email-006,Missing document for claim,"Hi, I opened a travel claim for lost baggage, but I forgot to attach the airline report. Claim number TRC-883214. Can I still send it now? Please let me know where to upload it.",travel,document_submission,medium,neutral,Customer says they opened a travel claim for lost baggage and wants to submit the missing airline report for claim TRC-883214 and জানতে where to upload it.,,TRC-883214,"[""Upload method or destination for the airline report""]",False,,0.98
insurance-email-007,Can you explain my renewal?,"Dear Sir/Madam, I received my home insurance renewal and the premium seems higher than expected. Policy HMO-118904. Can you explain why it changed and if there is anything I can do to reduce it?",home,payment_information,medium,neutral,Customer asks why their home insurance renewal premium increased and whether anything can be done to reduce it. Policy HMO-118904 is provided.,HMO-118904,,"[""Reason for the premium increase"", ""Renewal breakdown or calculation details""]",False,,0.95
insurance-email-008,Auto claim update please,"Good morning, I was involved in a minor collision and filed a claim yesterday. Claim number AUT-334900. I would like to know the current status and whether an adjuster has been assigned.",auto,claim_status,medium,neutral,Customer is asking for an update on an auto claim filed yesterday and wants to know the current status and whether an adjuster has been assigned.,,AUT-334900,[],False,,0.98
insurance-email-009,Need to add another driver,"Hi there, I want to add my wife as an additional driver on my auto policy. Policy number AUT-667812. She has a clean record. Please tell me what info you need from me.",auto,policy_change,medium,neutral,Customer wants to add their wife as an additional driver on an auto policy and asks what information is needed.,AUT-667812,,"[""Wife's full name"", ""Wife's date of birth"", ""Wife's driver license details"", ""Wife's driving history"", ""Effective date for adding the driver""]",False,,0.98
insurance-email-010,Lost policy paperwork,"Hello, I seem to have misplaced my home insurance policy documents. Could you resend them? The policy number is HMO-440212. I only need the latest version for my records.",home,document_request,low,neutral,Customer requests a resend of the latest home insurance policy documents for records and provides policy number HMO-440212.,HMO-440212,,[],False,,0.98
insurance-email-011,Travel claim question,"Dear support, I had to cancel my holiday because I was sick. I think I can claim on my travel policy, but I am not sure which papers you need. Policy TRV-900115. Please advise.",travel,policy_information,medium,neutral,Customer says they canceled a holiday because they were sick and believes it may be covered under their travel policy. They are asking which documents are needed.,TRV-900115,,"[""Required claim documents for the cancellation due to illness""]",False,,0.94
insurance-email-012,Invoice for my premium,"Hi, can you email me the latest invoice for my auto insurance premium? Policy AUT-221990. My accountant needs it before the end of the month.",auto,document_request,medium,neutral,Customer requests the latest invoice for an auto insurance premium and provides policy AUT-221990.,AUT-221990,,[],False,,0.99
insurance-email-013,Home claim after storm,"Hello, a storm damaged part of my roof on Monday evening. I would like to open a claim. My home policy is HMO-709311. The damage is to the rear side of the house and there is a leak now.",home,claim_opening,high,neutral,"Customer wants to open a home insurance claim for storm damage to the roof, including a leak at the rear side of the house.",HMO-709311,,"[""Date of incident (exact date, if needed for claim intake)"", ""Details of any immediate mitigation steps taken to prevent further damage""]",False,,0.98
insurance-email-014,Cancel my travel policy,"Good evening, please cancel my travel insurance starting from tomorrow because my trip has been postponed. Policy number TRV-331877. Please confirm if I will get any refund.",travel,policy_cancellation,high,neutral,Customer requests cancellation of a travel insurance policy starting tomorrow due to a postponed trip and asks about any refund.,TRV-331877,,"[""Refund amount or cancellation terms are not provided in the email.""]",False,,0.98
insurance-email-015,Claim number not working,"Hi, I tried to check the status of my claim online but it says the number is invalid. The claim number I have is CLM-554782. Could you check it for me?",unknown,claim_status,medium,neutral,Customer says the online claim status check shows their claim number as invalid and asks for it to be checked. The claim number provided is CLM-554782.,,CLM-554782,"[""Insurance type/policy context needed to locate the claim""]",False,,0.93
insurance-email-016,Update my phone number,"Dear team, please update the contact number on my home insurance account. Policy HMO-293018. My new mobile is 555-0148. Thank you.",home,policy_change,medium,neutral,Customer requests an update to the phone number on a home insurance policy and provides the new mobile number.,HMO-293018,,[],False,,0.98
insurance-email-017,Travel delay reimbursement,"Hello, my flight was delayed for over 10 hours and I had to pay for a hotel. Can I submit this under my travel insurance? Policy TRV-100447. I have the receipts.",travel,claim_opening,medium,neutral,Customer asks whether hotel expenses from a flight delay can be submitted under their travel insurance and provides policy TRV-100447 with receipts available.,TRV-100447,,"[""Date of travel/incident"", ""Flight details"", ""Amount being claimed"", ""Any claim form or incident reference if required""]",False,,0.98
insurance-email-018,Question about no claim discount,"Hi, I want to know whether my no claim discount is still intact on my car insurance. Policy AUT-781205. I had a windscreen repair last year, if that matters.",auto,policy_information,medium,neutral,Customer asks whether their no claim discount is still intact on their car insurance policy after a previous windscreen repair.,AUT-781205,,"[""Whether the windscreen repair affected the no claim discount under the policy terms""]",False,,0.95
insurance-email-019,Claim documents uploaded,"Good day, I uploaded all the documents for claim CLM-332119 yesterday, but the portal still shows pending. Could you confirm if they were received? It was for a stolen bicycle from my garage.",home,document_submission,medium,neutral,Customer says they uploaded documents for claim CLM-332119 and wants confirmation that they were received; the claim relates to a stolen bicycle from the garage.,,CLM-332119,[],False,,0.95
insurance-email-020,Need policy start date,"Hello, can you tell me the exact start date of my travel policy? I only have the reference TRV-665408 and need it for a visa appointment. Thanks.",travel,policy_information,medium,neutral,Customer asks for the exact start date of their travel policy for a visa appointment and provides reference TRV-665408.,TRV-665408,,"[""Full policy details or account verification may be needed to confirm the start date.""]",False,,0.98
insurance-email-021,Home insurance for a rental property,"Dear insurance team, I own a rental flat and need to know if my current home policy covers it or if I need a different one. Policy HMO-830115. Please advise.",home,policy_information,medium,neutral,Customer asks whether their current home policy covers a rental flat or whether a different policy is needed.,HMO-830115,,[],False,,0.98
insurance-email-022,Auto accident on Saturday,"Hi, I had a small accident on Saturday and want to report it. Nobody was injured, but my front bumper is damaged. My policy number is AUT-490772. What should I do next?",auto,claim_opening,high,neutral,Customer wants to report a minor auto accident with front bumper damage and asks what to do next.,AUT-490772,,"[""date and time of the accident"", ""location of the accident"", ""details of any other vehicle or third party involved"", ""photos or repair estimate if available""]",False,,0.98
insurance-email-023,Travel policy for my son,"Hello, I bought a family travel policy and I am not sure whether my 16-year-old son is covered for the whole trip. Policy TRV-218344. Please confirm.",travel,policy_information,medium,neutral,Customer asks whether their 16-year-old son is covered for the full trip under family travel policy TRV-218344.,TRV-218344,,"[""The specific coverage terms or age conditions needed to confirm the son's eligibility are not provided in the email.""]",False,,0.96
insurance-email-024,Incorrect premium amount,"Dear support, my latest auto insurance payment request shows a different amount than my last statement. Policy AUT-603991. Could you explain the difference? I don't think I changed anything.",auto,payment_information,medium,negative,Customer says the latest auto insurance payment request shows a different amount than the last statement and asks for an explanation. Policy AUT-603991.,AUT-603991,,"[""Details of what changed between the two amounts"", ""Copies of the latest payment request and last statement if a comparison is needed""]",False,,0.96
insurance-email-025,Claim status please,"Hi, I filed a home claim after my ceiling started leaking. Claim number HCL-119804. Can you tell me if someone has been assigned yet? I haven't received any calls.",home,claim_status,medium,neutral,Customer is asking for an update on a home claim for a leaking ceiling and wants to know whether an adjuster has been assigned.,,HCL-119804,"[""Claim assignment status details are not provided in the email and must be checked in the claims system.""]",False,,0.98
insurance-email-026,Need to change my cover start date,"Hello, I need to move the start date of my travel insurance by one week because my departure changed. Policy TRV-477201. Please let me know if that is possible.",travel,policy_change,medium,neutral,Customer wants to move the start date of their travel insurance policy by one week because their departure date changed.,TRV-477201,,"[""New desired start date""]",False,,0.98
insurance-email-027,Damage to side mirror,"Good morning, my car's side mirror was broken in a parking lot. I want to open a claim under policy AUT-115933. The car is still drivable.",auto,claim_opening,high,neutral,Customer reports a broken car side mirror in a parking lot and wants to open a claim under policy AUT-115933.,AUT-115933,,"[""Date and time of the incident"", ""Location of the parking lot"", ""Details of how the damage occurred"", ""Photos or repair estimate, if available""]",False,,0.98
insurance-email-028,Policy wording request,"Dear all, could you send me the full wording for my home insurance policy? Number HMO-551809. I need to check the escape of water section.",home,document_request,medium,neutral,Customer requests the full wording for their home insurance policy and wants to check the escape of water section.,HMO-551809,,[],False,,0.98
insurance-email-029,Refund after cancellation,"Hello, I cancelled my travel policy a few days ago but have not seen the refund yet. Policy TRV-229601. Can you tell me when it will be processed?",travel,payment_information,medium,neutral,"Customer says their travel policy was cancelled a few days ago and they have not yet received the refund, and asks when it will be processed.",TRV-229601,,"[""Cancellation date"", ""Refund amount"", ""Method of payment/refund destination""]",False,,0.98
insurance-email-030,Urgent: claim not progressing,"Hi, this is taking way too long. My auto claim CLM-771044 was opened nearly two weeks ago and I still don't know what's happening. Please respond today if possible.",auto,claim_status,high,angry,"Customer says their auto claim CLM-771044 was opened nearly two weeks ago and is not progressing, and requests a response today.",,CLM-771044,[],False,,0.98
insurance-email-031,Change beneficiary on policy,"Dear team, I would like to update the beneficiary contact on my home insurance records. Policy HMO-404512. Please tell me the next step, as I can't find the form.",home,policy_change,medium,neutral,Customer wants to update the beneficiary contact on a home insurance policy and asks for the next step because they cannot find the form.,HMO-404512,,"[""The specific beneficiary contact details to be updated are not provided."", ""The customer has not confirmed whether they want the form sent or whether the change can be handled another way.""]",False,,0.95
insurance-email-032,Travel medical issue,"Hello, while abroad I had to visit a clinic after twisting my ankle. I believe my travel insurance may cover this. Policy TRV-875390. What documents do you need from the doctor?",travel,document_request,medium,neutral,Customer was treated at a clinic abroad after twisting an ankle and is asking what doctor documents are needed for travel insurance coverage. Policy TRV-875390.,TRV-875390,,"[""The specific doctor/medical documents they can provide"", ""Date and location of the medical visit""]",False,,0.93
insurance-email-033,Need help with direct debit,"Hi, my auto insurance direct debit date is not suitable anymore. Policy AUT-220507. Can you change it to the 15th of each month? Thanks.",auto,policy_change,medium,neutral,Customer requests a change to the direct debit date for an auto insurance policy to the 15th of each month.,AUT-220507,,[],False,,0.98
insurance-email-034,Water damage claim,"Good afternoon, a pipe burst under my kitchen sink and there is water damage to the cabinets. I want to start a home claim. Policy HMO-993210.",home,claim_opening,high,neutral,Customer reports a burst pipe under the kitchen sink causing water damage to cabinets and wants to start a home claim.,HMO-993210,,"[""Date and time of the incident"", ""Extent of the damage"", ""Whether immediate repairs or mitigation have been arranged"", ""Contact details for follow-up""]",False,,0.98
insurance-email-035,Can I pay by bank transfer?,"Hello, I usually pay for my travel insurance by card, but this month I would rather use bank transfer. Policy TRV-300118. Is that allowed?",travel,payment_information,medium,neutral,The customer asks whether they can switch their travel insurance payment method from card to bank transfer for policy TRV-300118.,TRV-300118,,"[""Whether bank transfer is an accepted payment method for this policy and how to make the change if so.""]",False,,0.98
insurance-email-036,Documents for car claim,"Dear claims team, I have the police report and repair estimate for claim AUT-667901. Where should I send them? I already submitted the initial notice.",auto,document_submission,medium,neutral,Customer has a police report and repair estimate for auto claim AUT-667901 and is asking where to send the documents.,,AUT-667901,"[""Preferred submission method or email/address for the documents""]",False,,0.98
insurance-email-037,Policy certificate needed today,"Hi, I need my home insurance certificate urgently for my landlord. Policy HMO-188230. Please send it as soon as you can.",home,document_request,high,neutral,Customer requests their home insurance certificate urgently for their landlord and provides policy HMO-188230.,HMO-188230,,[],False,,0.98
insurance-email-038,Wrong vehicle registration,"Hello, I noticed the registration number on my auto policy is wrong. Policy AUT-775310. The correct plate should be FJ12 KLM, not the one listed.",auto,policy_change,medium,neutral,Customer says the vehicle registration number on auto policy AUT-775310 is incorrect and provides the correct plate number FJ12 KLM.,AUT-775310,,"[""Confirmation of the current registration number on the policy if it needs to be replaced""]",False,,0.98
insurance-email-039,Trip cancellation question,"Dear support, my holiday may be cancelled because of a family emergency. If that happens, can I claim on my travel insurance? Policy TRV-611004. I am not sure yet.",travel,policy_information,medium,neutral,Customer asks whether a possible trip cancellation due to a family emergency would be covered under their travel insurance policy TRV-611004.,TRV-611004,,"[""Whether the trip has been cancelled"", ""Details of the family emergency"", ""Trip dates and cancellation circumstances if they want a coverage assessment""]",False,,0.94
insurance-email-040,Home claim estimate,"Hi, I have a home claim for a broken window after a break-in. Claim HCL-778811. Has the repair estimate been approved? I need to arrange the work soon.",home,claim_status,high,neutral,Customer asks for an update on approval of a repair estimate for a home claim involving a broken window after a break-in.,,HCL-778811,"[""Any claim decision details or current status from the insurer""]",False,,0.98
insurance-email-041,Need to speak to someone,"Hello, I have been trying to reach your team about my car insurance but keep getting stuck in the automated phone system. Policy AUT-118776. Please call me back.",auto,other,medium,negative,Customer wants a callback regarding their car insurance and is having trouble reaching the team through the automated phone system. Policy AUT-118776 is provided.,AUT-118776,,"[""Best callback number"", ""Preferred time to call""]",False,,0.92
insurance-email-042,Travel insurance for ski trip,"Good morning, does my travel policy include winter sports? I am going skiing next month. Policy TRV-904512. If not, how do I add it?",travel,policy_information,medium,neutral,Customer asks whether their travel policy covers winter sports for an upcoming ski trip and how to add the cover if it is not included.,TRV-904512,,"[""Whether winter sports cover is currently included"", ""Details of the desired policy change if cover needs to be added""]",False,,0.97
insurance-email-043,Claim payment question,"Dear team, I received the settlement for my auto claim but I do not understand how it was calculated. Claim number CLM-559870. Could you break it down for me?",auto,claim_status,medium,neutral,Customer received an auto claim settlement and is asking for an explanation of how the payment was calculated for claim CLM-559870.,,CLM-559870,[],True,"The customer is questioning the claim settlement calculation, which may involve a dispute or explanation of a claims decision and should be reviewed by a human.",0.91
insurance-email-044,Update my email address,"Hi, please change the email on file for my home insurance account to a new one. Policy HMO-620194. I will use this address from now on.",home,policy_change,medium,neutral,Customer requests an update to the email address on their home insurance account for policy HMO-620194.,HMO-620194,,"[""New email address to replace the current one""]",False,,0.98
insurance-email-045,Late premium notice,"Hello, I received a late payment notice for my travel policy, but I already paid it last week. Policy TRV-407731. Can you check this please?",travel,payment_information,medium,neutral,Customer says they received a late payment notice for their travel policy despite paying last week and asks for it to be checked.,TRV-407731,,"[""Proof of payment or payment reference"", ""Date and method of payment""]",False,,0.97
insurance-email-046,Claim for stolen luggage,"Good evening, I returned from a trip and my suitcase was stolen at the airport. I need to open a claim. Travel policy TRV-992103. I have the incident reference.",travel,claim_opening,high,negative,Customer reports that a suitcase was stolen at the airport after a trip and wants to open a travel claim.,TRV-992103,,"[""incident reference number""]",False,,0.98
insurance-email-047,Home insurance for basement room,"Dear insurer, I rent out a room in my basement sometimes. Does my current home policy cover this situation? Policy HMO-311905. I am not sure if I need to tell you.",home,policy_information,medium,neutral,Customer asks whether their current home policy covers renting out a basement room and whether they need to notify the insurer. Policy HMO-311905 is provided.,HMO-311905,,"[""Whether the basement room is rented as a short-term or long-term arrangement"", ""Details of any changes to the property occupancy or use""]",False,,0.93
insurance-email-048,Need a copy of my last statement,"Hello, can you send me the last statement for my auto policy? Number AUT-500889. I need it for my files.",auto,document_request,low,neutral,Customer requests a copy of the last statement for their auto policy for filing purposes.,AUT-500889,,[],False,,0.98
insurance-email-049,Claim still under review,"Hi, my home claim CLM-845221 has been listed as under review for several days. Is there anything missing from my side? I uploaded the pictures already.",home,claim_status,medium,neutral,"Customer asks for an update on home claim CLM-845221, which has been under review for several days, and wants to know if anything is still missing after uploading pictures.",,CLM-845221,"[""Current claim status and whether any additional documents or information are needed""]",False,,0.97
insurance-email-050,Travel insurance for extra days,"Dear team, my trip got extended by three days and I want to make sure the travel cover still applies. Policy TRV-254811. Please confirm.",travel,policy_information,medium,neutral,Customer says their trip has been extended by three days and asks whether their travel cover still applies for the extended period. Policy TRV-254811.,TRV-254811,,"[""Confirmation of whether cover can be extended to the additional three days"", ""Any required details about the revised return date or trip extension if needed""]",False,,0.96
insurance-email-051,Broken windshield claim,"Hello, a rock hit my windshield on the highway and it cracked badly. I need to file an auto claim. Policy AUT-739105. Is this covered with my excess?",auto,claim_opening,high,neutral,"Customer reports a cracked windshield from a rock on the highway, asks to file an auto claim, and wants to know if it is covered with their excess.",AUT-739105,,"[""Date and time of the incident"", ""Location of the incident"", ""Vehicle details"", ""Whether the windshield has been repaired or is still damaged""]",False,,0.97
insurance-email-052,Need change in occupants,"Hi, two people moved out of my home and one moved in. Do I need to tell you for my home insurance? Policy HMO-908112. I don't want any problems later.",home,policy_change,medium,neutral,"Customer says two people moved out and one moved in, and asks whether this needs to be reported for their home insurance policy.",HMO-908112,,"[""The names or details of the new and former occupants if a policy update is required.""]",False,,0.98
insurance-email-053,Travel claim receipt sent,"Good day, I sent the taxi receipts for claim TRC-440918 but I am not sure if they arrived. Could you confirm receipt? Thanks.",travel,document_submission,medium,neutral,Customer says they sent taxi receipts for claim TRC-440918 and wants confirmation that the documents were received.,,TRC-440918,[],False,,0.98
insurance-email-054,Auto insurance renewal query,"Dear support, my auto renewal is coming up soon and I want to know if the premium can be paid monthly instead of all at once. Policy AUT-992450.",auto,payment_information,medium,neutral,Customer asks whether an auto insurance renewal premium can be paid monthly instead of in one lump sum for policy AUT-992450.,AUT-992450,,"[""Whether monthly payment instalments are available for this policy"", ""Any required billing or payment setup details if instalments are offered""]",False,,0.97
insurance-email-055,Need proof of no claims,"Hello, I am switching cars and need proof of no claims for my current policy. AUT-314208. Could you send the document by email?",auto,document_request,medium,neutral,Customer is switching cars and requests proof of no claims for current auto policy to be emailed.,AUT-314208,,[],False,,0.98
insurance-email-056,Home claim for electrical fault,"Hi, there was an electrical fault in my living room and the lights stopped working. I am not sure if this is a claim or just a question. Policy HMO-113490. Please advise.",home,claim_opening,medium,neutral,Customer reports an electrical fault in the living room that caused the lights to stop working and asks whether it should be treated as a claim. Policy number HMO-113490 is provided.,HMO-113490,,"[""Whether the customer wants to open a claim or only ask a policy question"", ""Date and circumstances of the electrical fault"", ""Any photos or repair estimates, if a claim is to be opened""]",True,"The customer is unsure whether this is a claim or a question, making the request somewhat ambiguous and requiring adviser confirmation.",0.84
insurance-email-057,Travel policy not showing,"Good morning, I bought travel insurance online but I can't find the policy in my account. I only have the reference TRV-880261. Can you help?",travel,policy_information,medium,neutral,Customer bought travel insurance online and cannot find the policy in their account. They provided reference TRV-880261 and asked for help.,TRV-880261,,"[""Account details needed to locate the policy"", ""Confirmation of the policyholder name if different from the account name""]",False,,0.94
insurance-email-058,Please check my claim number,"Dear team, I think I wrote my claim number incorrectly on the form. It should be CLM-220774, or maybe CLM-220775. Could you check which one is active?",unknown,claim_status,medium,neutral,Customer asks to verify which of two claim numbers is active because they may have written the claim number incorrectly on a form.,,CLM-220774,"[""The correct claim number needs confirmation if CLM-220774 is not the active one."", ""Policy number, if needed to locate the claim.""]",False,,0.89
insurance-email-059,Change vehicle on policy,"Hi, I sold my old car and bought another one. I need to change the vehicle details on policy AUT-644901. Please tell me what information you require.",auto,policy_change,medium,neutral,"Customer sold their old car and bought another one, and wants to change the vehicle details on policy AUT-644901.",AUT-644901,,"[""New vehicle details (make, model, year, registration number)""]",False,,0.98
insurance-email-060,Holiday cancellation evidence,"Hello, I had to cancel my trip due to a last-minute medical issue. I need to send proof for my travel claim. Policy TRV-715309. Where should I upload the doctor note?",travel,document_submission,high,neutral,Customer cancelled a trip due to a last-minute medical issue and wants to submit a doctor note as proof for travel claim TRV-715309.,TRV-715309,,"[""The upload destination or submission method for the doctor note""]",True,"The request involves a medical issue and document submission for a travel claim, which may require manual handling.",0.98
insurance-email-061,Home policy renewal question,"Dear insurance company, my home policy is due soon and I want to know if I can keep the same cover without increasing the sum insured. Policy HMO-470128.",home,policy_information,medium,neutral,Customer asks whether their home policy can be renewed with the same cover and without increasing the sum insured. Policy HMO-470128 provided.,HMO-470128,,[],False,,0.95
insurance-email-062,Claim call back request,"Hi, I opened a claim for damage to my garage door after strong wind. Claim HCL-900517. Could someone call me back? I missed a message from your team.",home,claim_status,medium,neutral,Customer says they opened a claim for garage door damage after strong wind and requests a callback after missing a message from the team.,,HCL-900517,"[""Preferred callback phone number"", ""Best time to call""]",False,,0.96
insurance-email-063,Travel cover for electronics,"Hello, does my travel insurance cover my laptop if it is damaged on the trip? Policy TRV-622847. I may take it with me for work.",travel,policy_information,medium,neutral,Customer asks whether their travel insurance covers a laptop if it is damaged during a trip.,TRV-622847,,"[""Specific coverage terms for electronics/laptop damage"", ""Details of the trip and how the damage might occur""]",False,,0.98
insurance-email-064,Payment schedule needed,"Good afternoon, I would like to change my auto insurance payments from annual to quarterly. Policy AUT-107664. Is that possible for my account?",auto,policy_change,medium,neutral,Customer wants to change auto insurance payment frequency from annual to quarterly for policy AUT-107664.,AUT-107664,,[],False,,0.98
insurance-email-065,Claim estimate too low,"Dear claims team, I do not agree with the repair estimate for my car claim CLM-551933. It seems much too low compared with the garage quote I received.",auto,complaint,high,angry,"Customer disputes the repair estimate on car claim CLM-551933, saying it is much lower than the garage quote.",,CLM-551933,"[""The garage quote amount is not provided."", ""The customer does not state what resolution they want (review, revised estimate, or settlement appeal).""]",True,"Customer is disputing a claim estimate, which is a complaint and requires human review.",0.96
insurance-email-066,Need house inventory advice,"Hello, I am updating my home contents list and want to know if I should send it to you. Policy HMO-276501. Not sure if it is needed.",home,document_submission,medium,neutral,Customer is updating their home contents inventory list and asks whether it should be sent in for policy HMO-276501.,HMO-276501,,[],False,,0.96
insurance-email-067,Travel insurance extension,"Hi, I may stay abroad longer than expected and need to extend my travel policy by one more week. Policy TRV-119803. Can this be done?",travel,policy_change,medium,neutral,Customer wants to extend their travel insurance policy by one more week because their stay abroad may be longer than expected.,TRV-119803,,"[""New return date or extension period details if different from one week"", ""Whether the customer wants the extension to start immediately or from a specific date""]",False,,0.96
insurance-email-068,Auto claim after hailstorm,"Good day, my car got dented during a hailstorm last night. I want to report the damage. Policy AUT-832114. There are several dents on the roof and hood.",auto,claim_opening,high,neutral,Customer is reporting hail damage to a car and wants to open a claim. Policy AUT-832114 is provided.,AUT-832114,,"[""Date and time of the incident"", ""Location of the incident"", ""Whether the vehicle is drivable"", ""Contact details for follow-up""]",False,,0.98
insurance-email-069,Need confirmation of cover,"Hello, I am about to rent a car on holiday and want to know if my travel policy includes rental excess cover. Policy TRV-500271. Please confirm.",travel,policy_information,medium,neutral,Customer asks whether their travel policy includes rental excess cover for a car rental on holiday.,TRV-500271,,[],False,,0.96
insurance-email-070,Policy questions about vacant home,"Dear team, my house will be empty for about two months while I work overseas. Does my home policy still cover it? Policy HMO-883190. I can give more details if needed.",home,policy_information,medium,neutral,Customer asks whether their home policy still provides cover while their house is vacant for about two months during overseas work.,HMO-883190,,"[""Whether the policy has any vacancy limits or requirements"", ""Any details about the length of vacancy and security arrangements, if needed for assessment""]",False,,0.96
insurance-email-071,Claim progress after inspection,"Hi, an inspector visited my apartment for claim CLM-774205 last week. Can you tell me what the next step is? I have not heard anything since then.",home,claim_status,medium,neutral,Customer asks for the next step and an update on claim CLM-774205 after an apartment inspection last week.,,CLM-774205,[],False,,0.98
insurance-email-072,Update payment card,"Hello, my card expired and I need to update the payment details for my auto insurance. Policy AUT-690123. Please let me know how to do this.",auto,policy_change,medium,neutral,Customer wants to update expired payment card details for an auto insurance policy.,AUT-690123,,"[""New payment card details or confirmation of the preferred update method""]",False,,0.98
insurance-email-073,Travel policy for business trip,"Dear support, I bought travel insurance for a leisure trip, but now the trip is for business instead. Is my policy still valid? Reference TRV-221608.",travel,policy_information,medium,neutral,Customer asks whether their travel insurance remains valid after a leisure trip changed to a business trip.,TRV-221608,,"[""Confirmation of whether business travel is covered under the policy terms"", ""Details of the original trip dates and destination if needed to assess coverage""]",False,,0.94
insurance-email-074,Broken pipe and ceiling stain,"Hi, I found water stains on my ceiling after a pipe problem upstairs. I want to start a home claim if possible. Policy HMO-415902.",home,claim_opening,high,neutral,Customer reports water stains on the ceiling after a pipe problem upstairs and wants to start a home claim. Policy HMO-415902 is provided.,HMO-415902,,"[""Date of loss/incident"", ""Extent of the damage"", ""Whether the pipe problem has been fixed or is ongoing"", ""Contact details for follow-up""]",False,,0.98
insurance-email-075,Request for duplicate letter,"Hello, I need a duplicate letter showing my auto insurance is active. Policy AUT-333801. Could you send it by email today?",auto,document_request,high,neutral,Customer requests a duplicate letter confirming active auto insurance coverage to be sent by email today.,AUT-333801,,[],False,,0.98
insurance-email-076,Claim number missing from email,"Dear team, I got an email about my travel claim but the claim number was blank. I think it relates to my luggage delay. Policy TRV-704119. Can you resend it?",travel,document_request,medium,neutral,"Customer says they received an email about a travel claim but the claim number was blank, believes it concerns a luggage delay, and asks for it to be resent. Policy TRV-704119 is provided.",TRV-704119,,"[""claim number"", ""customer identifier/contact details if needed to resend the email""]",False,,0.93
insurance-email-077,Moving to a new garage,"Hi, I changed the place where my car is usually kept overnight. Do I need to tell you for policy AUT-284600? Please advise.",auto,policy_change,medium,neutral,Customer says they have changed where their car is kept overnight and asks whether this needs to be updated for policy AUT-284600.,AUT-284600,,"[""Whether the new overnight parking/garage address should be added to the policy""]",False,,0.98
insurance-email-078,Home insurance for shared accommodation,"Hello, I now share my flat with two friends and want to know if this affects my home cover. Policy HMO-990174. I just want to be sure.",home,policy_information,medium,neutral,Customer asks whether sharing their flat with two friends affects their home insurance cover and provides policy HMO-990174.,HMO-990174,,[],False,,0.95
insurance-email-079,Travel claim receipt query,"Good evening, I sent my receipts for a meal reimbursement claim but the amount seems wrong. Claim TRC-331265. Could you check it?",travel,claim_status,high,negative,"Customer says they submitted meal reimbursement receipts for a travel claim and believes the amount paid is wrong, asking for a check.",,TRC-331265,[],True,"The customer is disputing the claim amount, which may involve a claim decision and requires human review.",0.95
insurance-email-080,Need policy number confirmation,"Dear team, can you confirm the policy number for my car insurance? I think it is AUT-556988 but I want to make sure I use the right one.",auto,policy_information,low,neutral,Customer asks to confirm the policy number for their car insurance and provides a possible policy number.,AUT-556988,,[],False,,0.97
insurance-email-081,Complaint about delayed response,"Hello, I am very unhappy with how long it is taking to get a reply about my home claim. I have written twice already and still no answer. Claim HCL-118620. Please deal with this urgently.",home,complaint,urgent,angry,Customer is complaining about delayed replies regarding a home claim and asks for urgent attention.,,HCL-118620,[],True,The email is a complaint about delayed handling of a claim and requests urgent attention.,0.98
insurance-email-082,Travel policy cancellation fee,"Hi, if I cancel my travel insurance before the start date, is there a fee? Policy TRV-439275. I might not need the trip anymore.",travel,policy_cancellation,medium,neutral,Customer asks whether there is a fee for cancelling travel insurance before the start date and provides policy TRV-439275.,TRV-439275,,"[""Confirmation that the customer wants to cancel the policy"", ""Reason for cancellation if required by policy terms""]",False,,0.98
insurance-email-083,Auto policy document correction,"Dear support, the spelling of my surname is incorrect on my auto documents. Policy AUT-720118. Please correct it to the proper spelling.",auto,policy_change,medium,neutral,Customer says the surname on their auto policy documents is misspelled and asks for it to be corrected. Policy AUT-720118.,AUT-720118,,"[""Correct spelling of the surname""]",False,,0.98
insurance-email-084,Need help after fire alarm incident,"Hello, there was a small electrical fire in my kitchen and the smoke alarm went off. I'm not sure whether this is a claim or just for advice. Home policy HMO-601347.",home,claim_opening,high,negative,Customer reports a small electrical fire in the kitchen and asks whether this should be treated as a claim or just advice. Home policy HMO-601347 is provided.,HMO-601347,,"[""Confirmation of whether the customer wants to open a claim"", ""Date and time of the incident"", ""Extent of damage and any immediate repairs needed"", ""Whether emergency services were involved""]",True,"The email describes a fire incident and is somewhat ambiguous about whether a claim should be opened, which may require human assessment.",0.9
insurance-email-085,Travel insurance proof for airline,"Good afternoon, the airline asked me to show proof of travel insurance at check-in. Could you send me a certificate for policy TRV-910084? Thanks.",travel,document_request,medium,neutral,Customer requests a travel insurance certificate for policy TRV-910084 to show the airline at check-in.,TRV-910084,,[],False,,0.98
insurance-email-086,Auto claim settlement received,"Hi, I received a cheque for my auto claim but I don't understand if it is the final amount. Claim number CLM-665430. Can you confirm?",auto,claim_status,high,neutral,Customer received a cheque for an auto claim and wants to confirm whether it is the final settlement amount. Claim number CLM-665430 is provided.,,CLM-665430,"[""Claim settlement details or explanation of the cheque amount""]",True,"Customer is asking to confirm a claim settlement amount, which may involve a claim decision or dispute and should be reviewed by a human.",0.93
insurance-email-087,Home contents query,"Dear team, does my home policy cover accidental damage to a television if my child knocks it over? Policy HMO-374901. I am trying to understand the cover.",home,policy_information,medium,neutral,Customer asks whether their home policy covers accidental damage to a television if a child knocks it over.,HMO-374901,,"[""Exact wording of the coverage needed to confirm whether accidental damage is included.""]",False,,0.97
insurance-email-088,Travel claim and missing bag tag,"Hello, my checked bag did not arrive and I filed a claim. I have the airline report but lost the bag tag. Claim TRC-558120. Is the tag required?",travel,claim_status,medium,neutral,"Customer says their checked bag did not arrive, they have already filed a claim, and they are asking whether the lost bag tag is required. Claim TRC-558120 is provided.",,TRC-558120,"[""Whether the bag tag is required to proceed"", ""Any policy number if needed to locate coverage""]",False,,0.96
insurance-email-089,Change of occupation,"Hi, my job has changed recently and I am wondering if I need to tell you for my car insurance. Policy AUT-449773. Please advise.",auto,policy_change,medium,neutral,Customer says their job has changed and asks whether this needs to be updated on their car insurance policy.,AUT-449773,,"[""Details of the new occupation"", ""Whether the customer wants to update the policy or only asks for advice""]",False,,0.95
insurance-email-090,Need an update on home repair,"Dear claims team, the contractor said he was waiting for approval from you. Claim CLM-904331 for water damage at my home. Can you let me know if it is approved yet?",home,claim_status,medium,neutral,Customer asks for an update on claim CLM-904331 for water damage at their home and wants to know whether it has been approved.,,CLM-904331,[],False,,0.99
insurance-email-091,Travel insurance starting tomorrow,"Hello, I bought travel insurance for a trip leaving tomorrow, but I cannot see the confirmation email. Policy TRV-266509. Please resend it if possible.",travel,document_request,medium,neutral,Customer bought travel insurance for a trip leaving tomorrow and cannot see the confirmation email. They request that it be resent.,TRV-266509,,[],False,,0.98
insurance-email-092,Auto renewal with new mileage,"Hi, my annual car mileage has gone up and I want to check if that changes my premium. Policy AUT-818270. I can send the new estimate if needed.",auto,policy_change,medium,neutral,The customer says their annual car mileage has increased and wants to know whether this affects their premium for policy AUT-818270.,AUT-818270,,"[""The new annual mileage estimate if they want the premium impact assessed.""]",False,,0.97
insurance-email-093,Home claim due to theft,"Good morning, someone broke into my shed and took tools. I want to report a home contents claim. Policy HMO-567128. I have a list of the missing items.",home,claim_opening,high,negative,Customer reports a burglary at the shed with stolen tools and wants to open a home contents claim.,HMO-567128,,"[""Date and time of the theft"", ""Location/address of the property"", ""Description and estimated value of the stolen tools"", ""Police report number, if available""]",False,,0.98
insurance-email-094,Need help understanding excess,"Dear team, could you explain what excess I would need to pay if I make a claim on my travel insurance? Policy TRV-603410. I am not sure I understand the wording.",travel,policy_information,medium,neutral,Customer asks for an explanation of the excess payable when making a claim on their travel insurance policy.,TRV-603410,,[],False,,0.98
insurance-email-095,Change name after marriage,"Hello, I got married and need the name on my home policy updated. Policy HMO-822605. Please tell me what documents you need.",home,policy_change,medium,neutral,Customer requests a name update on a home policy after marriage and asks which documents are needed.,HMO-822605,,"[""Required supporting documents for the name change""]",False,,0.98
insurance-email-096,Car damage after pothole,"Hi, I hit a deep pothole and now one of my tires and the rim are damaged. Can I claim under my auto policy? Number AUT-190744.",auto,claim_opening,high,neutral,Customer reports tire and rim damage after hitting a pothole and asks whether it can be claimed under their auto policy.,AUT-190744,,"[""Date and location of the incident"", ""Whether the vehicle is drivable and any immediate safety concerns"", ""Photos or repair estimate if required to assess the claim""]",False,,0.97
insurance-email-097,Travel reimbursement for missed connection,"Good day, I missed my connecting flight because the first plane arrived late. I had to buy a new ticket. Policy TRV-773519. Can I claim this?",travel,claim_opening,high,neutral,Customer missed a connecting flight due to a late first flight and bought a new ticket; they want to know if they can claim under policy TRV-773519.,TRV-773519,,"[""Date of travel"", ""Flight details and itinerary"", ""Receipt or proof of the new ticket purchase"", ""Evidence of the flight delay and missed connection""]",False,,0.98
insurance-email-098,Home policy for basement flood,"Dear support, my basement flooded after heavy rain and I want to know whether my policy covers this. Policy HMO-318944. Please advise before I arrange repairs.",home,policy_information,high,neutral,Customer asks whether their home policy covers basement flood damage after heavy rain before arranging repairs.,HMO-318944,,"[""Whether the flooding occurred due to an insured peril under the policy"", ""Details of the damage and any immediate mitigation already taken""]",False,,0.96
insurance-email-099,Claim number and policy confusion,"Hello, I have both a claim number and policy number but I am not sure which one to use for an update request. The claim might be CLM-201995 and the policy is AUT-501337. Sorry for the confusion.",auto,claim_status,medium,neutral,Customer is asking which identifier to use for an update request and mentions a possible claim number and policy number.,AUT-501337,CLM-201995,"[""Which claim or policy the update request relates to"", ""What specific update is being requested""]",True,"The email is ambiguous about whether the customer needs claim or policy assistance, and the identifiers are presented as uncertain.",0.76
insurance-email-100,Can you send proof of insurance?,"Hi, I need proof that my auto insurance is active because I am registering a car this week. Policy AUT-675214. Could you email it to me today?",auto,document_request,high,neutral,Customer requests proof that their auto insurance is active and asks for it to be emailed today for car registration.,AUT-675214,,[],False,,0.98
insurance-email-101,Travel claim for cancelled excursion,"Dear team, I booked an excursion on holiday but it was cancelled by the operator and I lost the money. Does travel insurance cover this? Policy TRV-880512.",travel,policy_information,medium,neutral,Customer asks whether their travel insurance covers a cancelled excursion and mentions policy TRV-880512.,TRV-880512,,"[""Details of the excursion cancellation and any supporting documents if a claim is to be opened""]",False,,0.89
insurance-email-102,Home insurance billing question,"Hello, my home policy payment is normally taken on the 3rd, but this month it came out on the 1st. Policy HMO-144739. Can you explain why?",home,payment_information,medium,neutral,Customer asks why their home insurance payment was taken on the 1st instead of the usual 3rd for policy HMO-144739.,HMO-144739,,[],False,,0.97
insurance-email-103,Need to add glass cover,"Hi, I want to add glass cover to my car insurance because my windshield keeps getting chips. Policy AUT-947221. Please let me know the cost.",auto,policy_change,medium,neutral,Customer wants to add glass cover to an auto policy and asks for the cost. Policy AUT-947221.,AUT-947221,,"[""Confirmation of the desired coverage change"", ""Any details needed to price the glass cover, if not already on file""]",False,,0.98
insurance-email-104,Claim follow-up after phone call,"Good afternoon, I spoke to someone last week about claim HCL-700418 for storm damage, and they said I would get an update. I have not received one yet.",home,claim_status,medium,neutral,Customer is following up for an update on claim HCL-700418 related to storm damage.,,HCL-700418,[],False,,0.98
insurance-email-105,Travel policy certificate for employer,"Dear support, my employer needs a copy of my travel insurance certificate for an upcoming work trip. Policy TRV-339801. Please send a PDF if possible.",travel,document_request,medium,neutral,Customer requests a PDF copy of their travel insurance certificate for an upcoming work trip and provides policy TRV-339801.,TRV-339801,,[],False,,0.99
insurance-email-106,Policy not found in app,"Hello, I added my home insurance to the app but it does not show any details. Policy HMO-920455. Can you check if everything is linked correctly?",home,policy_information,medium,neutral,Customer says their home insurance policy HMO-920455 was added to the app but no details are showing and asks to check whether it is linked correctly.,HMO-920455,,"[""Any app/account identifier or login email needed to check the linkage"", ""Confirmation of whether the policy should already be visible in the app""]",False,,0.95
insurance-email-107,Accident report question,"Hi, I had a small bump with another car in a supermarket car park. Do I need to send a police report for my auto claim? Policy AUT-608933. Nobody was hurt.",auto,claim_opening,medium,neutral,Customer reports a minor car park collision and asks whether a police report is needed for an auto claim. Policy AUT-608933 is provided.,AUT-608933,,"[""Whether a claim has already been opened"", ""Details of the accident date and location"", ""Third-party contact and vehicle details if a claim is to be filed""]",False,,0.95
insurance-email-108,Travel insurance for lost passport,"Good morning, I lost my passport during a trip and had to pay for replacement papers. Is that something I can claim on travel insurance? Policy TRV-452108.",travel,claim_opening,medium,neutral,Customer asks whether costs for replacement papers after losing a passport during a trip can be claimed under travel insurance.,TRV-452108,,"[""Details of the incident date and location"", ""Whether a claim should be opened now or the customer only wants coverage confirmation"", ""Receipts or proof of the replacement paper expenses""]",False,,0.94
insurance-email-109,Home claim pending approval,"Dear claims department, my house claim CLM-996210 has been pending for a week. Can you tell me if any more evidence is needed? I already sent the photos and estimate.",home,claim_status,medium,neutral,"Customer asks for an update on home claim CLM-996210, which has been pending for a week, and wants to know whether any additional evidence is needed.",,CLM-996210,[],False,,0.98
insurance-email-110,Update bank details,"Hello, my bank account changed and I need to update the payment details for my travel policy. Policy TRV-111904. Please let me know how.",travel,policy_change,medium,neutral,Customer wants to update bank/payment details for a travel policy.,TRV-111904,,"[""New bank account details to update the payment method""]",False,,0.98
insurance-email-111,Auto policy cover abroad,"Hi, I am taking my car into another country for a few months and want to make sure the auto policy still covers me there. Policy AUT-777209. Thanks.",auto,policy_information,medium,neutral,Customer asks whether their auto policy covers them while driving their car in another country for a few months.,AUT-777209,,"[""Which country or countries the car will be taken to"", ""The exact travel dates or duration abroad""]",False,,0.98
insurance-email-112,Need copy of claim form,"Dear team, could you send me a copy of the claim form I submitted for my home damage case? Claim number CLM-388415. I need it for my records.",home,document_request,medium,neutral,Customer requests a copy of the claim form submitted for a home damage case for their records.,,CLM-388415,[],False,,0.98
insurance-email-113,Travel claim mistake,"Hello, I think I selected the wrong trip dates when I filed my travel claim. Claim TRC-509773. Is it possible to correct this?",travel,document_submission,medium,neutral,Customer says they entered the wrong trip dates on a travel claim and wants to correct it. Claim TRC-509773 is provided.,,TRC-509773,"[""The correct trip dates needed to update the claim""]",False,,0.94
insurance-email-114,Home insurance and new pets,"Hi, we just got two cats and I am wondering if that affects my home insurance in any way. Policy HMO-663290. Please let me know.",home,policy_information,medium,neutral,Customer asks whether acquiring two cats affects their home insurance policy.,HMO-663290,,[],False,,0.96
insurance-email-115,Car repair approval needed,"Good evening, my garage says they are waiting for approval before repairing my car. Claim CLM-120884. Could you tell me if the repair has been authorized?",auto,claim_status,medium,neutral,Customer asks whether car repair has been authorized for claim CLM-120884.,,CLM-120884,[],False,,0.97
insurance-email-116,Travel cover for winter sports equipment,"Hello, I want to take ski equipment on my trip and I need to know if travel insurance covers damage or loss. Policy TRV-509118.",travel,policy_information,medium,neutral,Customer asks whether their travel insurance covers damage or loss of ski equipment on a trip.,TRV-509118,,[],False,,0.98
insurance-email-117,Please resend renewal notice,"Dear support, I cannot find my home insurance renewal notice anymore. Policy HMO-101773. Could you resend it to me?",home,document_request,medium,neutral,Customer requests a resend of the home insurance renewal notice for policy HMO-101773.,HMO-101773,,[],False,,0.98
insurance-email-118,Auto claim from last night,"Hi, another driver hit my parked car last night and drove off. I need to open a claim. Policy AUT-449102. I have the time and place written down.",auto,claim_opening,high,negative,Customer wants to open an auto claim for a parked car that was hit by another driver who drove off last night. Policy AUT-449102 is provided.,AUT-449102,,"[""date and exact time of the incident"", ""location of the incident"", ""driver/vehicle details if available"", ""description of damage""]",False,,0.98
insurance-email-119,Question about pre-existing condition,"Hello, I have a medical condition and I am unsure if it affects my travel insurance cover. Policy TRV-670014. Please advise.",travel,policy_information,medium,neutral,Customer asks whether a medical pre-existing condition affects their travel insurance cover for policy TRV-670014.,TRV-670014,,[],True,The request involves a sensitive medical issue about policy cover and should be reviewed by a human.,0.96
insurance-email-120,Home policy transfer request,"Dear team, I am buying a new house and want to know if my current home policy can be transferred or if I need a new one. Policy HMO-285617.",home,policy_information,medium,neutral,Customer is buying a new house and asks whether their current home policy can be transferred or if a new policy is needed.,HMO-285617,,"[""New property address"", ""Whether the customer wants to transfer coverage immediately or get a new policy quote""]",False,,0.96
insurance-email-121,Need help with instalments,"Hi, I would like to split my auto premium into monthly instalments instead of paying all at once. Policy AUT-912340. Is there a fee for doing this?",auto,payment_information,medium,neutral,Customer wants to split an auto premium into monthly instalments and asks whether there is a fee. Policy AUT-912340.,AUT-912340,,"[""Whether the policy is eligible for monthly instalments"", ""The instalment fee amount, if any""]",False,,0.98
insurance-email-122,Travel claim and hotel receipt,"Good day, I submitted my claim for a cancelled flight and hotel stay, but I may have sent the wrong receipt. Claim CLM-555190. Can I replace it?",travel,document_submission,medium,neutral,Customer says they submitted a travel claim for a cancelled flight and hotel stay and wants to replace an incorrect receipt for claim CLM-555190.,,CLM-555190,"[""Correct receipt/document to be submitted""]",False,,0.98
insurance-email-123,Home repair contractor question,"Hello, can I choose my own contractor for the repair on my home claim, or do I have to use someone you assign? Claim HCL-640902.",home,claim_status,medium,neutral,Customer asks whether they can choose their own contractor for a home claim repair and references claim HCL-640902.,,HCL-640902,[],False,,0.87
insurance-email-124,Auto insurance proof for employer,"Dear insurance team, my employer wants proof that my car is insured for business parking. Policy AUT-305661. Can you send a confirmation letter?",auto,document_request,medium,neutral,Customer requests a confirmation letter as proof of auto insurance for employer business parking purposes.,AUT-305661,,[],False,,0.98
insurance-email-125,Travel policy activated?,"Hi, I paid for travel insurance this morning but I am not sure if it is active yet. Reference TRV-847260. I leave tonight, so I need to know.",travel,policy_information,urgent,neutral,Customer asks whether their travel insurance is active after payment this morning and says they depart tonight. Reference TRV-847260 is provided.,TRV-847260,,"[""Exact policy start/activation status"", ""Departure time and any applicable waiting period details""]",False,,0.97
insurance-email-126,Home claim after burglary,"Hello, my back door was forced open and some jewelry is missing. I want to report a claim under my home policy. HMO-712408. What details do you need?",home,claim_opening,high,negative,"Customer reports a burglary with a forced back door and missing jewelry, and wants to open a claim under their home policy.",HMO-712408,,"[""Date and time of the burglary"", ""Location of the incident if different from the insured home"", ""List and estimated value of missing items"", ""Police report number, if available""]",False,,0.98
insurance-email-127,Change address after move,"Dear team, I moved and need to update the address on my auto policy too because the parking location changed. Policy AUT-110889. Please tell me the process.",auto,policy_change,medium,neutral,Customer moved and wants to update the address and parking location on an auto policy.,AUT-110889,,"[""New address to update on the policy"", ""New parking location details""]",False,,0.98
insurance-email-128,Travel claim refund status,"Hi, you approved my travel claim a while ago and I still have not received the payment. Claim TRC-204771. Could you check the payout status?",travel,claim_status,high,negative,Customer says a travel claim was approved but the payment has not been received and asks for a payout status check.,,TRC-204771,"[""Date the claim was approved"", ""Payment method or bank details to verify the payout, if needed""]",False,,0.97
insurance-email-129,Need a policy summary,"Hello, could you send me a summary of my home cover? I only need a simple overview of what is included. Policy HMO-556712.",home,policy_information,medium,neutral,Customer requests a simple summary of what is included in their home cover policy.,HMO-556712,,[],False,,0.98
insurance-email-130,Car insurance question after sale,"Hi, I sold my car yesterday and I am not sure what happens to the insurance now. Policy AUT-776401. Do I cancel it or can I move it to a new car?",auto,policy_change,medium,neutral,Customer sold their car and asks whether the auto policy should be cancelled or transferred to a new car. Policy AUT-776401.,AUT-776401,,"[""Details of the new car if the policy is to be transferred"", ""Whether the customer wants to cancel the policy or change it to a replacement vehicle""]",False,,0.97
insurance-email-131,Claim not visible online,"Good morning, I lodged a claim for roof damage after heavy wind but it does not appear in my account. Claim CLM-330144. Can you check?",home,claim_status,medium,neutral,Customer says a roof damage claim after heavy wind is not visible in their online account and asks for it to be checked.,,CLM-330144,"[""Policy number""]",False,,0.97
insurance-email-132,Travel insurance for family visit,"Dear support, I am travelling to visit family and want to know if my travel policy covers a trip with multiple stops. Policy TRV-218900. Thanks.",travel,policy_information,medium,neutral,Customer asks whether travel policy TRV-218900 covers a trip with multiple stops while traveling to visit family.,TRV-218900,,"[""Details of the trip itinerary and any specific stops if coverage depends on them""]",False,,0.95
insurance-email-133,Need to update marital status,"Hello, my marital status changed and I want to know if I should update my home insurance records. Policy HMO-450918. Please advise.",home,policy_change,medium,neutral,Customer says their marital status has changed and asks whether their home insurance records should be updated for policy HMO-450918.,HMO-450918,,"[""The specific marital status change details, if required for the update."", ""Any other personal details that need to be changed on the policy, if applicable.""]",False,,0.97
insurance-email-134,Auto claim for broken taillight,"Hi, my taillight was smashed while the car was parked outside my building. I want to open a claim. Policy AUT-633118. There was no note left.",auto,claim_opening,high,neutral,Customer wants to open an auto claim for a smashed taillight while the car was parked outside their building.,AUT-633118,,"[""Date and time of the incident"", ""Location of the incident"", ""Photos of the damage"", ""Police report, if applicable""]",False,,0.97
insurance-email-135,Travel certificate for embassy,"Dear team, the embassy requested a travel insurance certificate for my visa file. Policy TRV-990624. Please send it if you can.",travel,document_request,medium,neutral,Customer requests a travel insurance certificate for an embassy visa file and provides policy TRV-990624.,TRV-990624,,[],False,,0.98
insurance-email-136,"Home policy question, not sure","Hello, I heard that leaving windows open can affect home insurance. Is that true for my policy? HMO-808553. I am not certain.",home,policy_information,medium,neutral,Customer asks whether leaving windows open affects their home insurance policy.,HMO-808553,,[],False,,0.96
insurance-email-137,Claim update after repair quote,"Hi, I uploaded a repair quote for claim CLM-778230 but the portal still says waiting. Can someone confirm if it was received?",auto,claim_status,medium,neutral,Customer says they uploaded a repair quote for claim CLM-778230 and wants confirmation that it was received because the portal still shows waiting.,,CLM-778230,[],False,,0.96
insurance-email-138,Auto direct debit failed again,"Dear support, my auto policy payment failed again even though I changed my card last month. Policy AUT-500117. Please help before I get a late fee.",auto,payment_information,high,negative,Customer says their auto policy payment failed again after changing their card and wants help before a late fee is applied.,AUT-500117,,"[""The new payment method/card details need to be confirmed or updated if the payment is to be retried.""]",False,,0.98
insurance-email-139,Travel insurance change due to date shift,"Hello, my trip dates have shifted slightly and I want to adjust the travel policy to match. Policy TRV-413089. Let me know if that is possible.",travel,policy_change,medium,neutral,Customer wants to adjust a travel insurance policy to match changed trip dates and asks if the change is possible.,TRV-413089,,"[""New trip dates"", ""Specific policy changes requested""]",False,,0.98
insurance-email-140,Need copy of home claim decision,"Good evening, could you send me the decision letter for my home claim? Claim number HCL-905744. I need the paperwork for my landlord.",home,document_request,medium,neutral,"Customer requests a copy of the decision letter for a home claim, referencing claim number HCL-905744, for landlord paperwork.",,HCL-905744,[],False,,0.97
insurance-email-141,Auto policy and learner driver,"Hi, my teenage son has started learning to drive and I want to know if he can be covered on my auto policy. Policy AUT-228470. He only drives with supervision.",auto,policy_information,medium,neutral,Customer asks whether their teenage son can be covered as a learner driver on an auto policy.,AUT-228470,,"[""Whether the son needs to be added as a named driver or if existing learner-driver cover applies"", ""Son's age and driving status/licence details"", ""Vehicle details if coverage depends on the car or usage""]",False,,0.96
insurance-email-142,Travel claim for missed baggage connection,"Hello, my luggage missed the connection and arrived two days late. I filed a travel claim but I don't know what expenses are acceptable. Policy TRV-642118.",travel,claim_status,medium,neutral,Customer says their luggage arrived two days late after a missed connection and asks what expenses are acceptable for an existing travel claim. Policy TRV-642118 is provided.,TRV-642118,,"[""Claim number"", ""Details of the expenses they want to confirm""]",False,,0.91
insurance-email-143,Home insurance when renovating,"Dear team, we are planning some renovation work in the house and I want to check if I need to tell you. Policy HMO-937205. The work starts next month.",home,policy_information,medium,neutral,The customer asks whether they need to notify the insurer about planned renovation work starting next month on their home policy.,HMO-937205,,"[""Details of the renovation work (scope, structural changes, and whether contractors will be used)""]",False,,0.96
insurance-email-144,Need duplicate payment receipt,"Hi, can you send me a receipt for my last auto insurance payment? Policy AUT-114399. My records are incomplete.",auto,document_request,medium,neutral,Customer requests a duplicate receipt for the last auto insurance payment and provides policy AUT-114399.,AUT-114399,,[],False,,0.98
insurance-email-145,Travel claim after medical appointment,"Good afternoon, I had to pay for an appointment while on holiday because I felt unwell. Can I claim this on my travel insurance? Policy TRV-771430. I have the invoice.",travel,claim_opening,medium,neutral,Customer asks whether an out-of-pocket medical appointment paid for while on holiday can be claimed under travel insurance and provides policy TRV-771430. They also mention having the invoice.,TRV-771430,,"[""Details of the medical appointment and treatment received"", ""Date and location of the incident/appointment"", ""Confirmation of what documents are included with the invoice"", ""Any required claim form or incident details""]",True,"The request involves a medical issue while traveling, which should be reviewed by a human operator.",0.94
insurance-email-146,Complaint about claim handling,"Hello, I am frustrated because every time I call about claim CLM-470833 I get a different answer. This has been very poor service and I need someone to sort it out now.",other,complaint,high,angry,Customer is complaining about inconsistent answers and poor service regarding claim CLM-470833 and wants the issue resolved.,,CLM-470833,[],True,The email is a complaint about claim handling and should be reviewed by a human operator.,0.97
insurance-email-147,Home policy for holiday let,"Dear support, I may start renting my house as a holiday let for short periods. Does my home insurance allow that? Policy HMO-240761. Please let me know.",home,policy_information,medium,neutral,Customer asks whether their home insurance covers renting their house as a short-term holiday let and provides policy number HMO-240761.,HMO-240761,,"[""Details of the type and frequency of holiday letting planned, if needed to assess cover""]",False,,0.97
insurance-email-148,Auto claim estimate request,"Hi, I want to know if I can get an estimate before opening a full claim for the damage to my bumper. Policy AUT-879160. It is only a small scrape.",auto,claim_opening,medium,neutral,Customer asks whether they can get an estimate for bumper damage before opening a full auto claim. Policy AUT-879160 is provided.,AUT-879160,,"[""Details of the incident causing the bumper damage"", ""Date and location of the damage""]",False,,0.95
insurance-email-149,Travel policy question about spouse,"Hello, my wife will join my trip later than me. Is she still covered under my travel policy if she arrives separately? Policy TRV-308452.",travel,policy_information,medium,neutral,The customer asks whether their spouse is covered under their travel policy if she arrives separately on the trip.,TRV-308452,,"[""Whether the spouse's separate arrival is covered under the specific policy terms""]",False,,0.95
insurance-email-150,Need confirmation of home cover,"Dear insurance team, I just want written confirmation that my home insurance is active and up to date. Policy HMO-619874. Please send a brief confirmation by email.",home,document_request,medium,neutral,Customer requests written confirmation by email that their home insurance is active and up to date.,HMO-619874,,[],False,,0.98
